ROI_Name,Global_Saliency_Mean,Global_Contrib_Mean,Contrib_Std,Robustness_Z_Score,PD_Contrib_Mean,HC_Contrib_Mean,Contrastive_Delta_C
striatum_L,0.07766363453071502,0.02002658765560244,0.12252423154522639,0.163450003060906,0.029875,-0.010457,0.040332
striatum_R,0.0697370812866005,0.028751410454604383,0.1231802348103401,0.23340926541323864,0.025333,0.140419,-0.115086
putamen_L,0.054318193541534644,0.00909130984463633,0.07841046698458262,0.11594509042999318,0.013729,-0.006226,0.019955
putamen_R,0.05175280525606479,0.01404376788783991,0.08292592189122557,0.16935315127071715,0.011261,0.078439,-0.067177
caudate_L,0.050729073186673565,0.010256482394197365,0.08369192886537112,0.12255042162060782,0.015961,-0.011208,0.027169
caudate_R,0.04962014840776814,0.015111678959919638,0.08672347523568527,0.17425128751284819,0.013063,0.076039,-0.062976
striatum_bilat,0.03408034130675499,0.01403497845413325,0.056349226679455196,0.249071314558736,0.015149,0.043914,-0.028766
