ROI_Name,Global_Saliency_Mean,Global_Contrib_Mean,Contrib_Std,Robustness_Z_Score
striatum_L,0.0017667943849820585,-0.0004136806345830064,0.0031275386623818846,-0.13226992742231378
striatum_R,0.0015905296000180297,-0.0004176066015425698,0.002989247578411899,-0.13970244804545462
putamen_L,0.0012443642240299948,-6.612855951057595e-05,0.0021220496319925798,-0.031162441673932742
putamen_R,0.0012203241221641983,-8.5706656046089e-05,0.0019762423244534706,-0.04336827589553426
caudate_L,0.0011795630788108001,-0.0002016281155553183,0.0023339367951154205,-0.08638933671379909
caudate_R,0.0010881243115875424,-0.00022035514809173068,0.0023907535723165863,-0.09216935988288144
striatum_bilat,0.0008254096775983608,-0.0002423699860373945,0.0015130945680544362,-0.16018059237573784
