ROI_Name,Global_Saliency_Mean,Global_Contrib_Mean,Contrib_Std,Robustness_Z_Score
striatum_L,0.005850914548621196,-0.0006321834634399804,0.007604203923297631,-0.08313593881191453
striatum_R,0.005278344948012752,-0.0005603982887033863,0.007495309847237642,-0.07476642760080718
putamen_L,0.004266885488044665,0.0001015040832677408,0.005146252482117928,0.019723844949697773
putamen_R,0.004147924438328859,0.00011808690789439068,0.005270819559308898,0.022403856274547045
caudate_L,0.003940201864734964,-0.00031670180029290797,0.005952755622223601,-0.05320246426477092
caudate_R,0.0037601046673717362,-0.0003016620855565351,0.005625761704019873,-0.05362145878422043
striatum_bilat,0.002767108611106868,-0.0002139710309500418,0.003946997016043619,-0.05421095784230984
